customer_id,first_name,last_name,email,gender,location
1,Clarie,Pocklington,cpocklington0@issuu.com,Female,California
2,Sidnee,Prantoni,sprantoni1@facebook.com,Male,California
3,Sharl,Marval,smarval2@oaic.gov.au,Female,Connecticut
4,Tiebold,Storcke,tstorcke3@drupal.org,Male,Texas
5,Idaline,Kilroy,ikilroy4@bbb.org,Female,Illinois
6,Shay,Beatens,sbeatens5@lycos.com,Female,California
7,Vito,Bampford,vbampford6@wunderground.com,Male,Colorado
8,Colby,McGovern,cmcgovern7@smugmug.com,Male,Missouri
9,Sybilla,Reede,sreede8@kickstarter.com,Female,Virginia
10,Abel,Dove,adove9@wix.com,Male,Louisiana
11,Albertine,Lilywhite,alilywhitea@slideshare.net,Female,Kansas
12,Loella,Rowlstone,lrowlstoneb@huffingtonpost.com,Female,District of Columbia
13,Shelbi,Cartmill,scartmillc@csmonitor.com,Female,Kentucky
14,Kathy,Maytom,kmaytomd@edublogs.org,Female,New York
15,Deloris,Humphrey,dhumphreye@walmart.com,Female,Pennsylvania
16,Kienan,Reihm,kreihmf@google.pl,Male,North Carolina
17,Maryanne,Puve,mpuveg@hubpages.com,Female,Connecticut
18,Bradan,Pavic,bpavich@youtu.be,Male,Missouri
19,Celina,Gaylard,cgaylardi@google.com.br,Female,Florida
20,Nancey,Isson,nissonj@nationalgeographic.com,Female,Florida
21,Otis,Farlamb,ofarlambk@prlog.org,Male,Florida
22,Vite,Baldung,vbaldungl@independent.co.uk,Male,California
23,Phaedra,Frammingham,pframminghamm@skyrock.com,Female,Colorado
24,Urson,Rosell,uroselln@sourceforge.net,Male,New Jersey
25,Ashbey,Scotcher,ascotchero@tumblr.com,Bigender,Louisiana
26,Amos,Hurdidge,ahurdidgep@artisteer.com,Male,New York
27,Orelee,Bentley,obentleyq@sfgate.com,Female,Ohio
28,Myer,Tummons,mtummonsr@amazon.co.uk,Polygender,Idaho
29,Ethan,Bradburne,ebradburnes@over-blog.com,Male,Kansas
30,Caye,Loseke,closeket@smugmug.com,Female,California
31,Quintilla,McQuilkin,qmcquilkinu@nationalgeographic.com,Female,Alabama
32,Clarisse,Stockell,cstockellv@dot.gov,Female,New York
33,Damita,Rankling,dranklingw@geocities.jp,Female,Louisiana
34,Laverne,Seary,lsearyx@themeforest.net,Female,Ohio
35,Gordie,Avramchik,gavramchiky@abc.net.au,Male,New York
36,Maynard,Alves,malvesz@stumbleupon.com,Male,Alabama
37,Margy,Streetfield,mstreetfield10@techcrunch.com,Female,Arizona
38,Florina,Kilshaw,fkilshaw11@europa.eu,Female,Florida
39,Fredia,Jennemann,fjennemann12@bandcamp.com,Female,Ohio
40,Lois,Mullins,lmullins13@linkedin.com,Female,Missouri
41,Byrle,Petrushkevich,bpetrushkevich14@virginia.edu,Male,New York
42,Felic,Cossentine,fcossentine15@nydailynews.com,Male,California
43,Gwynne,Schneidau,gschneidau16@drupal.org,Female,Texas
44,Georgeanne,Raynes,graynes17@buzzfeed.com,Female,New York
45,Esma,Louys,elouys18@printfriendly.com,Female,Louisiana
46,Melvyn,Daleman,mdaleman19@cloudflare.com,Male,South Dakota
47,Ruby,Brayford,rbrayford1a@cocolog-nifty.com,Female,Delaware
48,Uriah,Dulieu,udulieu1b@dell.com,Male,District of Columbia
49,Eleanor,Belsey,ebelsey1c@shop-pro.jp,Female,North Carolina
50,Kariotta,Constance,kconstance1d@usda.gov,Female,District of Columbia
51,Tobit,Guerrero,tguerrero1e@gravatar.com,Male,Pennsylvania
52,Bellina,Baltzar,bbaltzar1f@netlog.com,Female,Nevada
53,Clark,Phettis,cphettis1g@biblegateway.com,Male,Arizona
54,Brade,Fodden,bfodden1h@nasa.gov,Male,Virginia
55,Cris,Kellart,ckellart1i@utexas.edu,Male,Illinois
56,Cecilla,Usmar,cusmar1j@omniture.com,Female,New York
57,Chrissy,Cheeney,ccheeney1k@spotify.com,Female,Michigan
58,Adaline,Simionato,asimionato1l@sfgate.com,Female,New Jersey
59,Ariel,Sambrok,asambrok1m@earthlink.net,Male,California
60,Laurie,Maryott,lmaryott1n@meetup.com,Female,Alabama
61,Frank,Staniford,fstaniford1o@live.com,Male,Florida
62,Marketa,Bittlestone,mbittlestone1p@google.pl,Female,Pennsylvania
63,Chrisy,Lyfe,clyfe1q@weebly.com,Male,Florida
64,Germayne,Crilley,gcrilley1r@mail.ru,Male,Iowa
65,Nikolaos,Broek,nbroek1s@netlog.com,Male,Colorado
66,Quinlan,Powling,qpowling1t@imdb.com,Male,Indiana
67,Barney,Regelous,bregelous1u@friendfeed.com,Male,Louisiana
68,Octavius,Giannasi,ogiannasi1v@time.com,Male,Texas
69,Gilburt,Hanshaw,ghanshaw1w@mac.com,Male,Virginia
70,Cecilla,Lovick,clovick1x@home.pl,Bigender,New York
71,Doy,Abbate,dabbate1y@zimbio.com,Male,District of Columbia
72,Timothea,Solleme,tsolleme1z@csmonitor.com,Female,Missouri
73,Derrick,Cristofor,dcristofor20@npr.org,Male,Arkansas
74,Gayelord,Bromwich,gbromwich21@narod.ru,Male,Michigan
75,Melinda,Wackley,mwackley22@123-reg.co.uk,Female,Oregon
76,Hugh,Rodbourne,hrodbourne23@google.com.br,Male,Missouri
77,Toma,Ivanitsa,tivanitsa24@biglobe.ne.jp,Female,California
78,Moselle,Phillput,mphillput25@comsenz.com,Genderqueer,Alaska
79,Vilma,Treske,vtreske26@adobe.com,Female,Virginia
80,Clo,Skews,cskews27@ucoz.ru,Female,Washington
81,Geri,McElhargy,gmcelhargy28@whitehouse.gov,Male,Colorado
82,Coral,Fevier,cfevier29@trellian.com,Female,Tennessee
83,Ahmad,Champain,achampain2a@lycos.com,Male,Florida
84,Loraine,Stanyforth,lstanyforth2b@geocities.com,Female,Illinois
85,Estele,Viggers,eviggers2c@cnn.com,Female,New Jersey
86,Teresita,Pestricke,tpestricke2d@army.mil,Female,California
87,Frederico,Eilhersen,feilhersen2e@toplist.cz,Male,Georgia
88,Hiram,Kesby,hkesby2f@google.it,Non-binary,Texas
89,Otes,Lafoy,olafoy2g@eventbrite.com,Male,New York
90,Josie,Worden,jworden2h@nasa.gov,Female,New York
91,Sabine,Jeannon,sjeannon2i@epa.gov,Female,Utah
92,Dalis,Dalziel,ddalziel2j@sohu.com,Male,West Virginia
93,Lind,Raveau,lraveau2k@tinyurl.com,Male,Delaware
94,Jay,Ucceli,jucceli2l@csmonitor.com,Male,Washington
95,Pattie,Mattessen,pmattessen2m@ed.gov,Female,Missouri
96,Darcy,Wooller,dwooller2n@nymag.com,Male,California
97,Morey,Scripture,mscripture2o@amazon.de,Male,Arizona
98,Kessiah,Georgi,kgeorgi2p@hubpages.com,Female,Virginia
99,Simmonds,Shanks,sshanks2q@businesswire.com,Male,California
100,Linell,Boobier,lboobier2r@opensource.org,Female,California
101,Iorgos,Saines,isaines2s@earthlink.net,Male,Kentucky
102,Jo-ann,Klehn,jklehn2t@sciencedaily.com,Female,Minnesota
103,Tuesday,Varsey,tvarsey2u@nasa.gov,Female,Ohio
104,Antonia,Skelhorn,askelhorn2v@craigslist.org,Female,Colorado
105,Broderick,McCrystal,bmccrystal2w@eventbrite.com,Male,Maryland
106,Robinia,Kemery,rkemery2x@gmpg.org,Female,Massachusetts
107,Gerti,Waylen,gwaylen2y@patch.com,Female,Pennsylvania
108,Nanine,Fowkes,nfowkes2z@indiatimes.com,Female,New York
109,Codie,Nore,cnore30@europa.eu,Male,Iowa
110,Tawnya,Coursor,tcoursor31@google.co.uk,Female,Massachusetts
111,Alika,Jago,ajago32@sourceforge.net,Non-binary,Alaska
112,Justin,McCadden,jmccadden33@rediff.com,Male,Illinois
113,Shurlock,Barge,sbarge34@parallels.com,Male,Nevada
114,Cirillo,Gierhard,cgierhard35@independent.co.uk,Male,Pennsylvania
115,Joachim,Burge,jburge36@va.gov,Male,Arizona
116,Mechelle,Lavery,mlavery37@123-reg.co.uk,Female,Arkansas
117,Tatiania,Adamski,tadamski38@slashdot.org,Polygender,Florida
118,Heather,Morrill,hmorrill39@usgs.gov,Female,South Carolina
119,Drew,Brownsworth,dbrownsworth3a@histats.com,Male,Mississippi
120,Kandace,Parbrook,kparbrook3b@vinaora.com,Female,Virginia
121,Tuesday,Dorney,tdorney3c@typepad.com,Female,Alabama
122,Jordanna,Woodstock,jwoodstock3d@usnews.com,Female,North Carolina
123,Debee,Edinburough,dedinburough3e@foxnews.com,Polygender,California
124,Sven,Oddboy,soddboy3f@creativecommons.org,Male,Michigan
125,Lorettalorna,Natalie,lnatalie3g@mtv.com,Female,Arizona
126,Caressa,Keach,ckeach3h@tinyurl.com,Genderqueer,Colorado
127,Sully,Marks,smarks3i@webmd.com,Male,Massachusetts
128,Delila,Whistance,dwhistance3j@mozilla.com,Female,Georgia
129,Dannie,Cardenoso,dcardenoso3k@weather.com,Female,Ohio
130,Phillipp,Bichard,pbichard3l@vinaora.com,Male,Texas
131,Trina,Shickle,tshickle3m@dion.ne.jp,Female,Alabama
132,Clerissa,Chatten,cchatten3n@dyndns.org,Female,Texas
133,Curtis,Bordiss,cbordiss3o@wp.com,Male,Colorado
134,Crichton,Odams,codams3p@ameblo.jp,Genderfluid,Texas
135,Bonnibelle,Norkutt,bnorkutt3q@discovery.com,Female,New York
136,Sara-ann,Nornasell,snornasell3r@netlog.com,Female,Florida
137,Kylie,Scurlock,kscurlock3s@dedecms.com,Male,Michigan
138,Benjy,Dunbobbin,bdunbobbin3t@narod.ru,Male,New York
139,Hewet,Astbery,hastbery3u@sina.com.cn,Male,Minnesota
140,Linnea,Reilingen,lreilingen3v@ibm.com,Female,Texas
141,Oran,Penchen,openchen3w@geocities.jp,Male,Kansas
142,Bonni,Trunkfield,btrunkfield3x@home.pl,Bigender,Georgia
143,Chic,Grealey,cgrealey3y@so-net.ne.jp,Male,California
144,Curtice,Seaborn,cseaborn3z@dagondesign.com,Male,New York
145,Gerard,Simmens,gsimmens40@creativecommons.org,Male,Kansas
146,Teodora,Long,tlong41@newyorker.com,Female,California
147,Lily,Lemonnier,llemonnier42@bing.com,Female,Texas
148,Daune,De la croix,ddelacroix43@upenn.edu,Female,Indiana
149,Gail,Gligoraci,ggligoraci44@latimes.com,Bigender,Louisiana
150,Fay,Bleackly,fbleackly45@oaic.gov.au,Bigender,Texas
151,Tobie,Braycotton,tbraycotton46@meetup.com,Male,New York
152,Heath,Dew,hdew47@nyu.edu,Female,Maryland
153,Maggee,Mangan,mmangan48@technorati.com,Female,Alabama
154,Farleigh,Klishin,fklishin49@hibu.com,Male,Missouri
155,Arie,Jerrom,ajerrom4a@amazon.co.uk,Male,Virginia
156,Lena,Jahnel,ljahnel4b@domainmarket.com,Female,Texas
157,Suzy,Cumberpatch,scumberpatch4c@google.com.hk,Female,Tennessee
158,Gregoor,Farebrother,gfarebrother4d@webeden.co.uk,Male,California
159,Clay,Wroath,cwroath4e@fda.gov,Male,Minnesota
160,Janel,Jochanany,jjochanany4f@ezinearticles.com,Female,California
161,Rickert,Stranahan,rstranahan4g@google.com,Male,Arizona
162,Eddie,Prudham,eprudham4h@cpanel.net,Non-binary,Virginia
163,Margalo,Hartigan,mhartigan4i@dot.gov,Genderfluid,North Carolina
164,Liane,Petrelli,lpetrelli4j@squarespace.com,Female,Georgia
165,Ruthe,Langhorne,rlanghorne4k@miitbeian.gov.cn,Non-binary,Ohio
166,Lotti,Ivanikhin,livanikhin4l@princeton.edu,Female,Texas
167,Dusty,Learoyde,dlearoyde4m@etsy.com,Female,Nevada
168,Byram,Popworth,bpopworth4n@gmpg.org,Bigender,Pennsylvania
169,Jerrilee,Gyenes,jgyenes4o@va.gov,Female,California
170,Gilly,Fildery,gfildery4p@blogspot.com,Female,Florida
171,Kimball,Cescoti,kcescoti4q@i2i.jp,Male,California
172,Graig,Van Niekerk,gvanniekerk4r@ihg.com,Male,Nevada
173,Lisha,Wilsher,lwilsher4s@reddit.com,Female,Washington
174,Cicely,Pindred,cpindred4t@linkedin.com,Female,Colorado
175,Drugi,Fortman,dfortman4u@1und1.de,Male,Ohio
176,Rhodie,Luckett,rluckett4v@berkeley.edu,Female,District of Columbia
177,Jae,Hufton,jhufton4w@vinaora.com,Genderqueer,Virginia
178,Bondy,Alastair,balastair4x@who.int,Male,Washington
179,Tildy,Zecchini,tzecchini4y@webmd.com,Female,Florida
180,Alexandr,Kenrat,akenrat4z@digg.com,Male,California
181,Esdras,Sidwell,esidwell50@gov.uk,Male,North Carolina
182,Algernon,Ebbens,aebbens51@etsy.com,Male,Virginia
183,Jaquenetta,Luparto,jluparto52@1688.com,Female,Texas
184,Linnet,Borland,lborland53@auda.org.au,Female,Arizona
185,Erin,Broomer,ebroomer54@themeforest.net,Male,Washington
186,Jessi,Yann,jyann55@dropbox.com,Female,Texas
187,Mattias,Redborn,mredborn56@shinystat.com,Male,Minnesota
188,Danila,Vanns,dvanns57@ask.com,Female,Texas
189,Adolpho,Stoate,astoate58@engadget.com,Male,Texas
190,Appolonia,Cushelly,acushelly59@cnet.com,Genderqueer,Connecticut
191,Patrizius,Flacknoe,pflacknoe5a@imageshack.us,Male,Florida
192,Lottie,Alldre,lalldre5b@japanpost.jp,Female,Texas
193,Sella,Tingey,stingey5c@storify.com,Bigender,California
194,Myrle,Lavis,mlavis5d@nature.com,Female,Maryland
195,Dimitri,Anetts,danetts5e@com.com,Male,Alabama
196,Faythe,Tother,ftother5f@cnn.com,Female,Florida
197,Mireielle,Edmeades,medmeades5g@google.com,Female,Michigan
198,Kellby,Spry,kspry5h@boston.com,Male,Texas
199,Linet,Burhouse,lburhouse5i@list-manage.com,Female,Texas
200,Shannon,Djorvic,sdjorvic5j@europa.eu,Male,Iowa
201,Adara,Bayldon,abayldon5k@weather.com,Female,Washington
202,Jarret,Jerrome,jjerrome5l@theatlantic.com,Male,New Jersey
203,Silvan,Bassett,sbassett5m@de.vu,Male,Florida
204,Felix,Reddecliffe,freddecliffe5n@flavors.me,Male,Arkansas
205,Elijah,De Angelis,edeangelis5o@prlog.org,Male,Texas
206,Shalna,Brydie,sbrydie5p@histats.com,Female,Pennsylvania
207,Gan,Wartnaby,gwartnaby5q@constantcontact.com,Male,South Dakota
208,Pauly,Probate,pprobate5r@acquirethisname.com,Male,Pennsylvania
209,Evanne,Goodbody,egoodbody5s@cam.ac.uk,Female,Florida
210,Derrik,Bocken,dbocken5t@marketwatch.com,Male,Texas
211,Frederico,Leworthy,fleworthy5u@ihg.com,Male,West Virginia
212,Ibby,Fillimore,ifillimore5v@blogspot.com,Female,Connecticut
213,Fredericka,Smyth,fsmyth5w@blogger.com,Female,Connecticut
214,Ebeneser,Leborgne,eleborgne5x@webeden.co.uk,Male,Florida
215,Iain,Laval,ilaval5y@behance.net,Male,Washington
216,Francisca,Pikhno,fpikhno5z@loc.gov,Female,New York
217,Lin,Matteau,lmatteau60@canalblog.com,Female,Tennessee
218,Tatiana,Revie,trevie61@narod.ru,Female,Kansas
219,Rurik,Sedgefield,rsedgefield62@ebay.com,Male,Alabama
220,Walsh,Lacase,wlacase63@gizmodo.com,Male,Virginia
221,Levi,Scarce,lscarce64@loc.gov,Male,Ohio
222,Amber,Varden,avarden65@nytimes.com,Female,Texas
223,Dode,Maryska,dmaryska66@rambler.ru,Female,Kansas
224,Morganne,Pringle,mpringle67@spotify.com,Female,Alabama
225,Kalil,Pyner,kpyner68@sitemeter.com,Male,Illinois
226,Merwyn,Gorling,mgorling69@spiegel.de,Male,West Virginia
227,Napoleon,Drissell,ndrissell6a@jiathis.com,Male,Indiana
228,Rickert,Grimoldby,rgrimoldby6b@over-blog.com,Male,California
229,Joann,Khomishin,jkhomishin6c@youtu.be,Female,Oregon
230,Judon,Wilcot,jwilcot6d@nih.gov,Male,Florida
231,Hyatt,Stud,hstud6e@so-net.ne.jp,Male,Colorado
232,Tymon,Stringman,tstringman6f@yahoo.com,Male,Kansas
233,Edvard,Waterworth,ewaterworth6g@mayoclinic.com,Male,Colorado
234,Berte,Pawel,bpawel6h@google.de,Genderqueer,District of Columbia
235,Giordano,Kimmings,gkimmings6i@yahoo.co.jp,Male,New York
236,Esta,Simpole,esimpole6j@thetimes.co.uk,Female,Ohio
237,Fanchon,Huckell,fhuckell6k@engadget.com,Female,Texas
238,Merwyn,Terbrug,mterbrug6l@amazon.de,Male,New York
239,Rora,Croxon,rcroxon6m@columbia.edu,Non-binary,South Carolina
240,Aliza,Fairall,afairall6n@state.gov,Female,New York
241,Morna,Brownett,mbrownett6o@cocolog-nifty.com,Female,California
242,Vaughn,Habbin,vhabbin6p@squidoo.com,Male,West Virginia
243,Noel,Lavender,nlavender6q@scientificamerican.com,Female,Nevada
244,Berti,Dransfield,bdransfield6r@accuweather.com,Genderfluid,Maryland
245,Olenolin,Warmisham,owarmisham6s@yahoo.co.jp,Male,Minnesota
246,Dorian,Fitzackerley,dfitzackerley6t@vk.com,Male,California
247,Vida,Everix,veverix6u@ocn.ne.jp,Female,Colorado
248,Willamina,Bortolotti,wbortolotti6v@forbes.com,Female,Texas
249,Emmott,Guterson,eguterson6w@ibm.com,Non-binary,Florida
250,Taffy,Lie,tlie6x@com.com,Female,Pennsylvania
251,Morrie,Enright,menright6y@virginia.edu,Male,Georgia
252,Suzann,Mostyn,smostyn6z@zdnet.com,Female,Illinois
253,Berke,Gerasch,bgerasch70@phpbb.com,Male,North Carolina
254,Ahmad,Rabbe,arabbe71@pagesperso-orange.fr,Genderfluid,New York
255,Archaimbaud,Downing,adowning72@goodreads.com,Male,Maryland
256,Lorita,Hawney,lhawney73@wordpress.com,Female,Oregon
257,Alvan,Davydkov,adavydkov74@icio.us,Male,Oklahoma
258,Cointon,Ambrogioni,cambrogioni75@photobucket.com,Male,Texas
259,Bond,Mainland,bmainland76@un.org,Male,Georgia
260,Thorn,Fermin,tfermin77@pinterest.com,Male,Oregon
261,Roobbie,Kitchinghan,rkitchinghan78@furl.net,Female,Kentucky
262,Ros,Conkling,rconkling79@ucoz.com,Female,Idaho
263,Darby,Soltan,dsoltan7a@xing.com,Female,Pennsylvania
264,Claudia,Strafford,cstrafford7b@about.com,Female,Wisconsin
265,Madeleine,Sandham,msandham7c@marketwatch.com,Female,Pennsylvania
266,Brendin,Strange,bstrange7d@facebook.com,Male,Texas
267,Leesa,Siddele,lsiddele7e@nature.com,Female,North Dakota
268,Ingunna,Haggis,ihaggis7f@pbs.org,Female,Texas
269,Morissa,Date,mdate7g@sciencedaily.com,Female,Texas
270,Charity,Instrell,cinstrell7h@weather.com,Female,New York
271,Joelynn,Baggallay,jbaggallay7i@samsung.com,Female,Florida
272,Bondy,Castellaccio,bcastellaccio7j@paginegialle.it,Male,Louisiana
273,Robinet,McCready,rmccready7k@cargocollective.com,Female,Texas
274,Pegeen,Musicka,pmusicka7l@illinois.edu,Female,Maryland
275,Corenda,Osbourn,cosbourn7m@theatlantic.com,Female,Texas
276,Nickola,Giacubo,ngiacubo7n@google.es,Male,Connecticut
277,Ettore,Maccaig,emaccaig7o@hexun.com,Male,California
278,Orlando,Arnao,oarnao7p@symantec.com,Male,Connecticut
279,Auguste,Cescoti,acescoti7q@hud.gov,Female,Oklahoma
280,Ric,Jannex,rjannex7r@woothemes.com,Male,West Virginia
281,Fonzie,Restorick,frestorick7s@youtube.com,Male,South Carolina
282,Annalise,Southcoat,asouthcoat7t@com.com,Female,California
283,Idalia,Rafferty,irafferty7u@kickstarter.com,Female,District of Columbia
284,Ulla,Labbett,ulabbett7v@phpbb.com,Female,Pennsylvania
285,Nickolas,Bearfoot,nbearfoot7w@zimbio.com,Male,Oregon
286,Bobinette,Pietroni,bpietroni7x@abc.net.au,Female,Texas
287,Britte,Nattrass,bnattrass7y@theguardian.com,Female,Florida
288,Eddy,Dykins,edykins7z@timesonline.co.uk,Male,Michigan
289,Jard,Carvilla,jcarvilla80@yale.edu,Male,New Jersey
290,Twila,Sparshutt,tsparshutt81@theguardian.com,Female,Wisconsin
291,Curtice,Cran,ccran82@usda.gov,Male,Missouri
292,Reginald,Casetta,rcasetta83@chicagotribune.com,Male,Indiana
293,Dorine,Trim,dtrim84@purevolume.com,Female,Alabama
294,Ikey,Speachley,ispeachley85@indiatimes.com,Male,Massachusetts
295,Celestina,Tracey,ctracey86@reddit.com,Female,Michigan
296,Devin,Kingwell,dkingwell87@indiegogo.com,Male,Texas
297,Bourke,Paske,bpaske88@usatoday.com,Male,Alabama
298,Louisa,Olenichev,lolenichev89@hao123.com,Female,Connecticut
299,Paddie,Routley,proutley8a@myspace.com,Male,California
300,Rich,Abbott,rabbott8b@google.co.jp,Male,Minnesota
301,Cherilyn,Thomasset,cthomasset8c@uiuc.edu,Female,Nevada
302,Jordana,Pitcher,jpitcher8d@blog.com,Female,Ohio
303,Kelvin,Bowhey,kbowhey8e@scribd.com,Male,Oregon
304,Vic,Nicolson,vnicolson8f@webmd.com,Male,Iowa
305,Chip,Sazio,csazio8g@craigslist.org,Male,California
306,Elisabeth,Filby,efilby8h@yahoo.co.jp,Female,California
307,Mimi,Bannester,mbannester8i@themeforest.net,Female,Ohio
308,Udall,Gladdolph,ugladdolph8j@cdc.gov,Male,Virginia
309,Torrence,Enrigo,tenrigo8k@mit.edu,Male,Utah
310,Zebadiah,Roft,zroft8l@topsy.com,Male,California
311,Pavia,Parcell,pparcell8m@ow.ly,Female,Florida
312,Donovan,Whatley,dwhatley8n@google.ca,Male,Iowa
313,Ronnica,Goly,rgoly8o@cbc.ca,Female,Arizona
314,Shaylah,Riach,sriach8p@fastcompany.com,Female,Florida
315,Jeromy,Juschke,jjuschke8q@bizjournals.com,Male,District of Columbia
316,Barry,Ballister,bballister8r@xinhuanet.com,Female,Texas
317,Lindy,Lubeck,llubeck8s@last.fm,Male,Texas
318,Ebeneser,Beake,ebeake8t@delicious.com,Male,Florida
319,Merle,Fears,mfears8u@wufoo.com,Male,Texas
320,Margery,Jardin,mjardin8v@ask.com,Female,South Carolina
321,Stuart,Thorsby,sthorsby8w@sbwire.com,Male,Illinois
322,Brade,Duffrie,bduffrie8x@soup.io,Male,District of Columbia
323,Raphaela,Dowsett,rdowsett8y@bbc.co.uk,Female,District of Columbia
324,Raynor,Gravener,rgravener8z@github.io,Male,Georgia
325,Vasili,Meritt,vmeritt90@craigslist.org,Agender,Alabama
326,Kip,Allner,kallner91@hud.gov,Male,Oklahoma
327,Jean,Coltart,jcoltart92@ebay.co.uk,Female,California
328,Addi,Edgler,aedgler93@abc.net.au,Female,California
329,Cordi,De Lacey,cdelacey94@tumblr.com,Female,Colorado
330,Nelly,Upcraft,nupcraft95@shutterfly.com,Female,Kentucky
331,Corey,Geerling,cgeerling96@1und1.de,Male,Arizona
332,Araldo,Jardin,ajardin97@furl.net,Male,Florida
333,Shannah,Maberley,smaberley98@wikipedia.org,Female,Arkansas
334,Enos,Jenyns,ejenyns99@hatena.ne.jp,Male,Arizona
335,Nadean,Flay,nflay9a@wsj.com,Female,Washington
336,Marco,Farndon,mfarndon9b@csmonitor.com,Male,District of Columbia
337,Chauncey,Gladwell,cgladwell9c@macromedia.com,Male,Arizona
338,Eba,Knee,eknee9d@state.gov,Female,Florida
339,Justino,Adney,jadney9e@amazon.de,Male,Pennsylvania
340,Giralda,Adshead,gadshead9f@merriam-webster.com,Genderqueer,California
341,Perice,Kirrens,pkirrens9g@gnu.org,Male,Texas
342,Tobey,Mont,tmont9h@timesonline.co.uk,Female,Pennsylvania
343,Carri,Gheerhaert,cgheerhaert9i@cyberchimps.com,Female,Virginia
344,Daffi,Eirwin,deirwin9j@mit.edu,Female,California
345,Jeremie,Le Brum,jlebrum9k@g.co,Genderfluid,Florida
346,Peri,Smallthwaite,psmallthwaite9l@reference.com,Female,Pennsylvania
347,Casie,Mead,cmead9m@nature.com,Female,Florida
348,Paulo,Castiglio,pcastiglio9n@naver.com,Male,Pennsylvania
349,Winona,Asee,wasee9o@studiopress.com,Female,Michigan
350,Rad,Saunder,rsaunder9p@cdbaby.com,Male,Minnesota
351,Adair,Theakston,atheakston9q@ning.com,Bigender,Tennessee
352,Christine,Bisterfeld,cbisterfeld9r@domainmarket.com,Female,Virginia
353,Rosemarie,Hamlington,rhamlington9s@telegraph.co.uk,Female,Louisiana
354,Ros,Fishly,rfishly9t@nyu.edu,Female,Texas
355,Giulio,Cyson,gcyson9u@psu.edu,Male,Mississippi
356,Pedro,Cole,pcole9v@parallels.com,Male,Washington
357,Simeon,Studders,sstudders9w@furl.net,Male,Texas
358,Dallis,Flohard,dflohard9x@usa.gov,Male,New York
359,Curtice,Overington,coverington9y@barnesandnoble.com,Male,Ohio
360,Trude,Worsall,tworsall9z@fema.gov,Female,Oklahoma
361,Grissel,Sidon,gsidona0@noaa.gov,Female,Oklahoma
362,Melodie,Rackley,mrackleya1@marriott.com,Female,North Carolina
363,Gavra,Cheetam,gcheetama2@pinterest.com,Female,Florida
364,Kelly,Lount,klounta3@yahoo.co.jp,Male,Georgia
365,Rogers,Budik,rbudika4@salon.com,Male,District of Columbia
366,Elisha,Piatti,epiattia5@indiatimes.com,Female,Florida
367,Ynes,Mebius,ymebiusa6@cam.ac.uk,Female,Texas
368,Gwenni,Izsak,gizsaka7@miibeian.gov.cn,Female,Louisiana
369,Leoine,Bagguley,lbagguleya8@canalblog.com,Female,Michigan
370,Jodee,Rapi,jrapia9@issuu.com,Female,California
371,Charmion,McCritichie,cmccritichieaa@washington.edu,Female,Indiana
372,Gaston,Aubury,gauburyab@exblog.jp,Male,North Carolina
373,Bernadina,Cavnor,bcavnorac@independent.co.uk,Female,Michigan
374,Ciro,Gepson,cgepsonad@marketwatch.com,Male,Texas
375,George,Davies,gdaviesae@scribd.com,Female,California
376,Michele,Clyne,mclyneaf@google.cn,Female,Montana
377,Lanny,Guiraud,lguiraudag@engadget.com,Male,South Carolina
378,Quincy,Kits,qkitsah@cnbc.com,Male,Minnesota
379,Pancho,Ascraft,pascraftai@usa.gov,Male,Massachusetts
380,Thedric,Ucchino,tucchinoaj@toplist.cz,Male,Florida
381,Johnath,Severwright,jseverwrightak@dyndns.org,Female,Virginia
382,Grant,Halloway,ghallowayal@mlb.com,Male,Texas
383,Otto,Huggan,ohugganam@discuz.net,Male,New Mexico
384,Wayne,Ellaway,wellawayan@joomla.org,Genderfluid,Georgia
385,Antoni,Chadbourne,achadbourneao@cam.ac.uk,Male,Nevada
386,Josh,Bransdon,jbransdonap@google.com.au,Male,New York
387,Eimile,Mundow,emundowaq@example.com,Female,Pennsylvania
388,Tyrone,Van De Cappelle,tvandecappellear@mozilla.com,Male,Texas
389,Merrill,Felten,mfeltenas@bloomberg.com,Male,North Carolina
390,Lindy,Deaton,ldeatonat@people.com.cn,Male,New York
391,Jeni,Blabie,jblabieau@amazonaws.com,Female,North Dakota
392,Freddie,Beazleigh,fbeazleighav@telegraph.co.uk,Male,Missouri
393,Jacob,Aldie,jaldieaw@opera.com,Male,Virginia
394,Astra,Batey,abateyax@comcast.net,Female,California
395,Friedrich,Bartel,fbartelay@stumbleupon.com,Male,California
396,Lennard,Aubray,laubrayaz@earthlink.net,Male,Florida
397,Esmaria,McGuiness,emcguinessb0@booking.com,Genderqueer,California
398,Phillip,Speenden,pspeendenb1@xrea.com,Male,New York
399,Saraann,Murr,smurrb2@symantec.com,Female,Arizona
400,Cristine,McQuie,cmcquieb3@cyberchimps.com,Female,Florida
401,Bogey,McLevie,bmclevieb4@canalblog.com,Male,Louisiana
402,Marion,Monery,mmoneryb5@columbia.edu,Female,Missouri
403,Gearard,Kayley,gkayleyb6@jigsy.com,Male,New York
404,Ramonda,Crufts,rcruftsb7@wp.com,Female,California
405,Loni,Chetter,lchetterb8@thetimes.co.uk,Female,Connecticut
406,Fianna,Gilham,fgilhamb9@ft.com,Female,Kentucky
407,Gusta,Klemensiewicz,gklemensiewiczba@telegraph.co.uk,Female,New Mexico
408,Garrett,Hurdle,ghurdlebb@shareasale.com,Male,Indiana
409,Niki,Jotham,njothambc@mozilla.org,Female,Florida
410,Karisa,Akred,kakredbd@samsung.com,Female,California
411,Lucie,Blenkensop,lblenkensopbe@phoca.cz,Female,District of Columbia
412,Edsel,Spadoni,espadonibf@google.ru,Male,Pennsylvania
413,Melva,Farnon,mfarnonbg@nsw.gov.au,Female,Minnesota
414,Gerda,Pywell,gpywellbh@wired.com,Female,Florida
415,Conney,Espy,cespybi@shareasale.com,Male,District of Columbia
416,Moise,Balfour,mbalfourbj@bloomberg.com,Male,Florida
417,Reuben,Blasius,rblasiusbk@reddit.com,Male,Arizona
418,Auberta,Spire,aspirebl@linkedin.com,Female,Florida
419,Berke,Ness,bnessbm@state.gov,Male,Louisiana
420,Jennifer,Dewberry,jdewberrybn@sourceforge.net,Female,New York
421,Roxine,Fratson,rfratsonbo@jalbum.net,Female,California
422,Welby,Gammet,wgammetbp@hhs.gov,Male,Missouri
423,Vicki,Vahl,vvahlbq@wordpress.org,Female,Maryland
424,Thorsten,Kembley,tkembleybr@china.com.cn,Male,Minnesota
425,Mandel,Britzius,mbritziusbs@mit.edu,Genderfluid,Virginia
426,Malachi,Attow,mattowbt@cnbc.com,Male,Missouri
427,Allie,Gaitley,agaitleybu@ox.ac.uk,Female,Texas
428,Silvan,Matzkaitis,smatzkaitisbv@washington.edu,Male,Indiana
429,Cirillo,Rheam,crheambw@ocn.ne.jp,Male,Connecticut
430,Marilee,Easdon,measdonbx@friendfeed.com,Female,Virginia
431,Otes,Luebbert,oluebbertby@topsy.com,Male,Georgia
432,Brewer,Aindrais,baindraisbz@psu.edu,Male,California
433,Antons,Thying,athyingc0@php.net,Male,Tennessee
434,Correy,Sawkins,csawkinsc1@ehow.com,Male,Michigan
435,Bette-ann,Ainsworth,bainsworthc2@tripadvisor.com,Female,Arizona
436,Appolonia,Thackray,athackrayc3@bloomberg.com,Female,North Carolina
437,Wye,Gavahan,wgavahanc4@sohu.com,Male,California
438,Malina,Grossier,mgrossierc5@unblog.fr,Female,District of Columbia
439,Giacinta,Longfellow,glongfellowc6@reuters.com,Female,California
440,Cly,Polendine,cpolendinec7@facebook.com,Male,Massachusetts
441,Xaviera,Stronack,xstronackc8@gov.uk,Female,Missouri
442,Lisle,Penni,lpennic9@so-net.ne.jp,Male,South Carolina
443,Ruben,Ambrois,rambroisca@smh.com.au,Male,Pennsylvania
444,Trace,Dunham,tdunhamcb@pinterest.com,Bigender,Arizona
445,Rafaellle,Zaniolo,rzaniolocc@lulu.com,Bigender,Georgia
446,Catina,Percy,cpercycd@alibaba.com,Female,North Carolina
447,Andris,Delooze,adeloozece@zimbio.com,Male,Utah
448,Nadya,Angell,nangellcf@nba.com,Female,Oklahoma
449,Dania,Smieton,dsmietoncg@gizmodo.com,Female,New York
450,Salim,Jambrozek,sjambrozekch@nifty.com,Male,Texas
451,Denny,Reeson,dreesonci@eepurl.com,Female,Wisconsin
452,Rabbi,Rolfo,rrolfocj@ted.com,Male,Pennsylvania
453,Brantley,Ferrucci,bferruccick@hao123.com,Genderqueer,District of Columbia
454,Essa,Graver,egravercl@diigo.com,Female,New York
455,Ramona,Findlow,rfindlowcm@craigslist.org,Female,Florida
456,Biddie,Wyllcocks,bwyllcockscn@ucoz.ru,Female,Maryland
457,Gardy,Ewestace,gewestaceco@google.fr,Male,District of Columbia
458,Harris,Liptrod,hliptrodcp@sfgate.com,Male,District of Columbia
459,Doug,Goodbody,dgoodbodycq@dell.com,Male,New York
460,Ogdan,Buss,obusscr@diigo.com,Male,Florida
461,Joela,Grabban,jgrabbancs@gnu.org,Female,Arkansas
462,Cathe,Chape,cchapect@canalblog.com,Genderfluid,Florida
463,Yulma,Herkess,yherkesscu@auda.org.au,Male,Illinois
464,Penny,Pherps,ppherpscv@sfgate.com,Male,Hawaii
465,Cordie,Huygen,chuygencw@guardian.co.uk,Male,Virginia
466,Bernardo,Bott,bbottcx@last.fm,Male,Massachusetts
467,Forester,Mindenhall,fmindenhallcy@mashable.com,Male,Ohio
468,Pier,Shwalbe,pshwalbecz@goo.gl,Genderfluid,Virginia
469,Kaitlynn,Payze,kpayzed0@blogs.com,Female,District of Columbia
470,Eada,Asser,easserd1@msu.edu,Female,Georgia
471,Lena,Clere,lclered2@fastcompany.com,Female,California
472,Orlan,Cronk,ocronkd3@seattletimes.com,Male,Georgia
473,Casandra,Sutor,csutord4@fc2.com,Female,Florida
474,Adey,Goldhawk,agoldhawkd5@ucoz.com,Female,Texas
475,Zahara,Eiler,zeilerd6@senate.gov,Genderfluid,Utah
476,Bertie,Sneesby,bsneesbyd7@opensource.org,Male,Connecticut
477,Arron,Finlayson,afinlaysond8@amazonaws.com,Male,California
478,Millisent,Blondell,mblondelld9@liveinternet.ru,Female,Maryland
479,Stearn,Shambrooke,sshambrookeda@nature.com,Male,Kansas
480,Tildy,Manuely,tmanuelydb@tiny.cc,Non-binary,Texas
481,Bobbe,Pionter,bpionterdc@digg.com,Female,Washington
482,Robena,Arsey,rarseydd@deviantart.com,Female,Florida
483,Boniface,Tineman,btinemande@psu.edu,Male,Nevada
484,Erhart,Prinett,eprinettdf@tamu.edu,Male,Illinois
485,Davis,Pile,dpiledg@imgur.com,Male,Texas
486,Kendricks,Connold,kconnolddh@dedecms.com,Male,Virginia
487,Ezmeralda,Jacke,ejackedi@slideshare.net,Female,New York
488,Tiler,Vidloc,tvidlocdj@washingtonpost.com,Male,Florida
489,Millie,Flute,mflutedk@salon.com,Agender,District of Columbia
490,Merell,Harlow,mharlowdl@mac.com,Male,Pennsylvania
491,Mart,Jorn,mjorndm@merriam-webster.com,Male,California
492,Burnaby,Eisikowitz,beisikowitzdn@surveymonkey.com,Male,Virginia
493,Webb,Eayres,weayresdo@yelp.com,Male,Oklahoma
494,Leonanie,Sewell,lsewelldp@digg.com,Female,New York
495,Trula,Bothwell,tbothwelldq@ask.com,Female,California
496,Bernetta,Rozanski,brozanskidr@wordpress.com,Female,Idaho
497,Agnese,Bravey,abraveyds@eventbrite.com,Female,Alabama
498,Eldridge,Clegg,ecleggdt@google.ru,Male,Illinois
499,Lek,Ormesher,lormesherdu@state.tx.us,Male,Arizona
500,Ellwood,Bunclark,ebunclarkdv@dropbox.com,Male,Ohio
501,Ephrayim,Stanbrooke,estanbrookedw@exblog.jp,Male,Michigan
502,Kristoforo,Broke,kbrokedx@ucla.edu,Male,North Carolina
503,Lazaro,Gregorace,lgregoracedy@time.com,Male,Iowa
504,Kira,Gabbitus,kgabbitusdz@jalbum.net,Female,Massachusetts
505,Dannye,oldey,doldeye0@google.it,Female,Texas
506,Shayne,Midgley,smidgleye1@amazon.com,Male,Michigan
507,Giacobo,Sommerly,gsommerlye2@biblegateway.com,Male,California
508,Nicolas,Parfett,nparfette3@1und1.de,Male,New Jersey
509,Liam,Haslock,lhaslocke4@ustream.tv,Agender,Florida
510,Daisie,Nudde,dnuddee5@apple.com,Female,Texas
511,Pembroke,Cobb,pcobbe6@mozilla.com,Male,Alabama
512,Jakob,Fronsek,jfronseke7@europa.eu,Male,New Jersey
513,Lotte,Cristoforo,lcristoforoe8@odnoklassniki.ru,Female,Colorado
514,Inessa,Crooke,icrookee9@g.co,Female,Colorado
515,Martainn,Vynall,mvynallea@forbes.com,Male,Pennsylvania
516,Clayborn,Mannin,cmannineb@bloomberg.com,Male,Kentucky
517,Lizzie,Howarth,lhowarthec@unicef.org,Female,California
518,Luigi,Mundy,lmundyed@bloglovin.com,Male,Florida
519,Meris,Cassley,mcassleyee@japanpost.jp,Female,Florida
520,Archibaldo,Farryan,afarryanef@pagesperso-orange.fr,Male,Texas
521,Russ,Sultana,rsultanaeg@amazon.de,Male,Kentucky
522,Jeremie,Gibbett,jgibbetteh@infoseek.co.jp,Male,Minnesota
523,Munroe,Banisch,mbanischei@admin.ch,Male,Connecticut
524,Britt,Burdge,bburdgeej@unicef.org,Female,Arizona
525,Lezlie,Pavlenkov,lpavlenkovek@mediafire.com,Bigender,Massachusetts
526,Job,Boissier,jboissierel@sina.com.cn,Male,West Virginia
527,Emilio,Mewes,emewesem@bluehost.com,Male,North Carolina
528,Johan,Syncke,jsynckeen@miitbeian.gov.cn,Male,Pennsylvania
529,Hilly,Cropper,hcroppereo@redcross.org,Male,Florida
530,Frank,Cubuzzi,fcubuzziep@loc.gov,Female,Arizona
531,Nolie,Linner,nlinnereq@reddit.com,Female,West Virginia
532,Hazlett,Fulham,hfulhamer@bing.com,Male,West Virginia
533,Dell,Shallcroff,dshallcroffes@toplist.cz,Male,Florida
534,Gabie,Quakley,gquakleyet@fema.gov,Male,Ohio
535,Conway,Durrant,cdurranteu@businessweek.com,Male,Massachusetts
536,Merrick,Ollarenshaw,mollarenshawev@altervista.org,Male,Kentucky
537,Nealon,Poltun,npoltunew@unc.edu,Male,Idaho
538,Tadio,Gages,tgagesex@hp.com,Male,New York
539,Margareta,Bispham,mbisphamey@e-recht24.de,Female,Massachusetts
540,Birgit,Brickner,bbricknerez@narod.ru,Female,California
541,Cissiee,Scarf,cscarff0@gravatar.com,Female,Pennsylvania
542,Teressa,Delmage,tdelmagef1@sakura.ne.jp,Female,Wyoming
543,Demetria,Woodfin,dwoodfinf2@github.io,Female,Minnesota
544,Stephani,Hoyland,shoylandf3@arizona.edu,Female,Florida
545,Enrico,Kitchingman,ekitchingmanf4@mtv.com,Male,New York
546,Sharai,Daborn,sdabornf5@howstuffworks.com,Female,Virginia
547,Corrie,Beevors,cbeevorsf6@wikimedia.org,Female,Colorado
548,Lauren,Flarity,lflarityf7@cmu.edu,Female,Alabama
549,Laurence,Dalinder,ldalinderf8@chicagotribune.com,Male,Indiana
550,Balduin,Mosedale,bmosedalef9@yahoo.com,Male,Texas
551,Patrice,Jakeman,pjakemanfa@histats.com,Male,Texas
552,Joel,Buye,jbuyefb@ucla.edu,Male,Minnesota
553,Katrina,Fidian,kfidianfc@wikimedia.org,Non-binary,California
554,Tallie,Tebbut,ttebbutfd@virginia.edu,Male,Wisconsin
555,Matilda,Price,mpricefe@trellian.com,Female,Missouri
556,Nolan,Fries,nfriesff@virginia.edu,Male,West Virginia
557,Weston,O'Hannen,wohannenfg@umn.edu,Male,Missouri
558,Bastien,Grenshields,bgrenshieldsfh@disqus.com,Male,Texas
559,Regan,Faltin,rfaltinfi@de.vu,Male,Virginia
560,Brandise,Ghidoli,bghidolifj@chron.com,Female,Alabama
561,Gilberte,Sand,gsandfk@latimes.com,Agender,Oregon
562,Corrine,MacNab,cmacnabfl@opera.com,Female,Georgia
563,Car,Caskie,ccaskiefm@aol.com,Male,Ohio
564,Genvieve,McGrae,gmcgraefn@cloudflare.com,Female,Georgia
565,Geri,Chick,gchickfo@livejournal.com,Male,New Mexico
566,Vivien,Sansun,vsansunfp@newyorker.com,Genderfluid,Utah
567,Noella,Hamal,nhamalfq@blogger.com,Female,New Jersey
568,Carleen,Sappy,csappyfr@netlog.com,Female,Minnesota
569,Aime,Feake,afeakefs@discuz.net,Female,Arizona
570,Margarita,Lavrick,mlavrickft@unicef.org,Female,Florida
571,Jackie,Crisall,jcrisallfu@posterous.com,Male,Utah
572,Gerri,Baggallay,gbaggallayfv@cargocollective.com,Male,West Virginia
573,Madalyn,Chiese,mchiesefw@yahoo.com,Female,District of Columbia
574,Farly,Temblett,ftemblettfx@seattletimes.com,Male,Indiana
575,Nadya,Creamer,ncreamerfy@plala.or.jp,Female,Missouri
576,Carolan,O'Rudden,coruddenfz@tuttocitta.it,Female,Minnesota
577,Chrissy,Lorain,cloraing0@ox.ac.uk,Male,Illinois
578,Tammy,Cristoforo,tcristoforog1@scientificamerican.com,Male,Missouri
579,Reamonn,Birch,rbirchg2@ibm.com,Male,Oregon
580,Joann,Everill,jeverillg3@state.tx.us,Female,Tennessee
581,Nerissa,Greetham,ngreethamg4@arstechnica.com,Female,Florida
582,Hieronymus,Castell,hcastellg5@netlog.com,Male,Georgia
583,Bari,Gabbotts,bgabbottsg6@wordpress.org,Female,Florida
584,Gasparo,Shields,gshieldsg7@whitehouse.gov,Male,California
585,Ursula,Gecke,ugeckeg8@example.com,Agender,Texas
586,Norry,Goldstone,ngoldstoneg9@un.org,Non-binary,Louisiana
587,Karlotte,Utley,kutleyga@seattletimes.com,Female,Louisiana
588,Kendra,Chadwell,kchadwellgb@tripod.com,Female,California
589,Susette,Beyne,sbeynegc@constantcontact.com,Female,Louisiana
590,Orsola,Allbones,oallbonesgd@nytimes.com,Female,Florida
591,Thatcher,Abbotts,tabbottsge@google.com.au,Agender,Washington
592,Adolph,Leal,alealgf@marriott.com,Male,Ohio
593,Jerry,Gilstoun,jgilstoungg@nsw.gov.au,Polygender,California
594,Welby,Birmingham,wbirminghamgh@usda.gov,Male,California
595,Kenyon,Daniele,kdanielegi@flickr.com,Male,Michigan
596,Zebulen,Couche,zcouchegj@huffingtonpost.com,Male,California
597,Elianora,Broxis,ebroxisgk@xinhuanet.com,Female,Oregon
598,Damien,Lowson,dlowsongl@prweb.com,Male,California
599,Elsey,Klamp,eklampgm@creativecommons.org,Female,Minnesota
600,Ezmeralda,Pietruszka,epietruszkagn@mtv.com,Female,Michigan
601,Oswell,Buckles,obucklesgo@sfgate.com,Male,Alabama
602,Milty,Mourant,mmourantgp@bigcartel.com,Male,Texas
603,Sarajane,Rabbitts,srabbittsgq@cargocollective.com,Female,California
604,Tildy,Spore,tsporegr@flavors.me,Polygender,Connecticut
605,David,Duffer,dduffergs@irs.gov,Male,California
606,Darci,Gernier,dgerniergt@example.com,Female,Utah
607,Sibley,Tomkin,stomkingu@theatlantic.com,Female,New York
608,Rowney,Girodon,rgirodongv@scientificamerican.com,Male,District of Columbia
609,Irita,Challin,ichallingw@thetimes.co.uk,Female,Texas
610,Glendon,Assard,gassardgx@sogou.com,Male,Illinois
611,Pearline,Quilligan,pquilligangy@msu.edu,Female,Georgia
612,Bancroft,Salery,bsalerygz@mozilla.com,Male,Ohio
613,Celestia,Creavin,ccreavinh0@examiner.com,Female,Maryland
614,Akim,Mannering,amanneringh1@google.cn,Male,California
615,David,McAirt,dmcairth2@livejournal.com,Male,California
616,Iolande,Learmouth,ilearmouthh3@kickstarter.com,Female,Florida
617,Ondrea,Coulman,ocoulmanh4@pbs.org,Female,California
618,Annabal,Tattershall,atattershallh5@shop-pro.jp,Female,California
619,Marlow,Stacey,mstaceyh6@feedburner.com,Male,Arizona
620,Frederich,Knyvett,fknyvetth7@netvibes.com,Bigender,Ohio
621,Kerr,Pavlitschek,kpavlitschekh8@weebly.com,Male,California
622,Mara,Stuke,mstukeh9@canalblog.com,Female,Connecticut
623,Vittorio,Trodd,vtroddha@xing.com,Male,Colorado
624,Mellisa,Llywarch,mllywarchhb@slideshare.net,Female,Ohio
625,Rosana,Traut,rtrauthc@alibaba.com,Female,Iowa
626,Mirabella,Fassam,mfassamhd@apple.com,Female,Alabama
627,Theresita,Gumb,tgumbhe@ehow.com,Female,New York
628,Clemmie,Scolli,cscollihf@miitbeian.gov.cn,Male,Florida
629,Benito,Kennady,bkennadyhg@smugmug.com,Male,New York
630,Berny,Witard,bwitardhh@nih.gov,Male,Arkansas
631,Letta,Ollis,lollishi@printfriendly.com,Female,Alaska
632,Matias,Perkins,mperkinshj@nba.com,Male,Texas
633,Bruce,Jacobsson,bjacobssonhk@vk.com,Male,California
634,Janice,Troughton,jtroughtonhl@github.io,Female,Illinois
635,Dynah,Halloway,dhallowayhm@drupal.org,Female,Florida
636,Trisha,Dongles,tdongleshn@bravesites.com,Female,Connecticut
637,Gayla,Coxon,gcoxonho@comcast.net,Female,District of Columbia
638,Alexandros,Langtree,alangtreehp@feedburner.com,Male,Virginia
639,Winnah,Jellico,wjellicohq@list-manage.com,Female,Tennessee
640,Garrott,MacPaike,gmacpaikehr@europa.eu,Male,Georgia
641,Mohandis,Elis,melishs@spotify.com,Male,Colorado
642,Windham,Perle,wperleht@google.com.br,Male,Connecticut
643,Veronique,Ogley,vogleyhu@newsvine.com,Female,Arizona
644,Jenni,Davitashvili,jdavitashvilihv@eepurl.com,Female,California
645,Hartwell,Emps,hempshw@unc.edu,Male,Texas
646,Ricca,McComb,rmccombhx@army.mil,Female,Washington
647,Elyse,Le Provost,eleprovosthy@umich.edu,Female,Pennsylvania
648,Derron,Toth,dtothhz@ocn.ne.jp,Male,Texas
649,Russell,Horlock,rhorlocki0@xinhuanet.com,Male,Florida
650,Ari,Guthrum,aguthrumi1@chicagotribune.com,Male,Texas
651,Frederigo,Fullerton,ffullertoni2@stumbleupon.com,Non-binary,Michigan
652,Reggie,Andrelli,randrellii3@myspace.com,Female,Ohio
653,Jobyna,Aylott,jaylotti4@unblog.fr,Female,North Carolina
654,Graehme,Oxenham,goxenhami5@wikipedia.org,Male,Texas
655,Debor,Corrao,dcorraoi6@rediff.com,Female,Louisiana
656,Blinnie,Mc Ilory,bmciloryi7@nasa.gov,Female,Oklahoma
657,Georgy,MacLeod,gmacleodi8@miibeian.gov.cn,Male,Minnesota
658,Corey,Yepiskopov,cyepiskopovi9@who.int,Genderfluid,Iowa
659,My,Gossop,mgossopia@youtu.be,Male,Oklahoma
660,Fabiano,Jacquemy,fjacquemyib@nhs.uk,Male,North Carolina
661,Viva,Mulhall,vmulhallic@yelp.com,Female,California
662,Urbain,Silverlock,usilverlockid@woothemes.com,Male,California
663,Shayne,Draco,sdracoie@goodreads.com,Male,Kentucky
664,Brnaba,Grissett,bgrissettif@cornell.edu,Male,New York
665,Millie,Paradis,mparadisig@soundcloud.com,Female,Utah
666,Fairfax,Mingaud,fmingaudih@unblog.fr,Male,Florida
667,Corrina,Chatelot,cchatelotii@yellowpages.com,Female,Illinois
668,Myrvyn,Kobierzycki,mkobierzyckiij@blinklist.com,Male,Texas
669,Babs,Sigart,bsigartik@japanpost.jp,Female,New York
670,Buddie,Brame,bbrameil@upenn.edu,Polygender,Texas
671,Rawley,Blastock,rblastockim@loc.gov,Male,Alaska
672,Merrily,Rushford,mrushfordin@google.es,Female,Alaska
673,Ted,Plewright,tplewrightio@blogs.com,Female,Washington
674,Sophia,Rackley,srackleyip@amazon.de,Female,Michigan
675,Gertrudis,Rizzotto,grizzottoiq@scribd.com,Female,Arizona
676,Chaunce,Buggs,cbuggsir@drupal.org,Male,Kansas
677,Florian,Jachtym,fjachtymis@sogou.com,Male,Texas
678,Aguistin,Leipoldt,aleipoldtit@wix.com,Male,Colorado
679,Julianne,Dalton,jdaltoniu@barnesandnoble.com,Non-binary,Washington
680,Nora,Emmett,nemmettiv@nps.gov,Female,California
681,Emilie,Apps,eappsiw@feedburner.com,Polygender,District of Columbia
682,Charyl,Rospars,crosparsix@spiegel.de,Female,North Carolina
683,Tulley,Hetterich,thetterichiy@ehow.com,Male,North Carolina
684,Lizabeth,Bawden,lbawdeniz@statcounter.com,Female,Washington
685,Pier,Presslie,ppressliej0@tamu.edu,Female,Idaho
686,Bertine,Puckinghorne,bpuckinghornej1@pinterest.com,Female,Maryland
687,Wash,Worcs,wworcsj2@list-manage.com,Male,West Virginia
688,Gaby,Vice,gvicej3@paginegialle.it,Female,Connecticut
689,Waldon,Back,wbackj4@sun.com,Male,Illinois
690,Kelci,Lycett,klycettj5@clickbank.net,Female,Texas
691,Fionna,Rosenzveig,frosenzveigj6@wordpress.org,Female,Colorado
692,Gran,Wikey,gwikeyj7@jimdo.com,Male,Hawaii
693,Kaitlynn,Lawtie,klawtiej8@redcross.org,Female,Missouri
694,Laryssa,Croci,lcrocij9@baidu.com,Bigender,Florida
695,Derek,Riches,drichesja@gov.uk,Male,Colorado
696,Gabriele,Sycamore,gsycamorejb@timesonline.co.uk,Male,Ohio
697,Aurora,Biggen,abiggenjc@instagram.com,Female,Texas
698,Jim,Powderham,jpowderhamjd@networksolutions.com,Male,Wisconsin
699,Lizabeth,Oglevie,loglevieje@g.co,Female,California
700,Yvette,Taplin,ytaplinjf@bandcamp.com,Female,Kansas
701,Andy,Klainman,aklainmanjg@istockphoto.com,Male,Arizona
702,Marcelo,Minett,mminettjh@imageshack.us,Non-binary,Florida
703,Vitoria,Mabey,vmabeyji@diigo.com,Female,Arizona
704,Dominick,Korejs,dkorejsjj@huffingtonpost.com,Male,New Mexico
705,Drucill,Kiley,dkileyjk@walmart.com,Female,Florida
706,Julina,Lobley,jlobleyjl@imageshack.us,Female,Texas
707,Sacha,Rubroe,srubroejm@mtv.com,Female,Tennessee
708,Delores,Hurford,dhurfordjn@mit.edu,Polygender,Florida
709,Madalyn,Di Biagi,mdibiagijo@angelfire.com,Female,Texas
710,Xymenes,Danher,xdanherjp@pagesperso-orange.fr,Male,Ohio
711,Max,Maruska,mmaruskajq@barnesandnoble.com,Female,Florida
712,Tiphani,Capstick,tcapstickjr@bloglovin.com,Female,Alabama
713,Kirby,Fusco,kfuscojs@cnn.com,Female,North Carolina
714,Winnie,Keunemann,wkeunemannjt@squarespace.com,Female,Indiana
715,Bald,Northam,bnorthamju@si.edu,Male,Massachusetts
716,Teodor,Hackworth,thackworthjv@over-blog.com,Male,Florida
717,Francene,Stile,fstilejw@cargocollective.com,Female,Oregon
718,Jenifer,Himpson,jhimpsonjx@blogtalkradio.com,Female,District of Columbia
719,Zenia,Traviss,ztravissjy@joomla.org,Female,Texas
720,Lev,Eric,lericjz@cam.ac.uk,Male,Texas
721,Fonzie,Skillman,fskillmank0@fc2.com,Genderfluid,New York
722,Hyacintha,Blincowe,hblincowek1@yandex.ru,Genderfluid,Utah
723,Arabella,Roslen,aroslenk2@wufoo.com,Female,Florida
724,Sheila,Stuck,sstuckk3@storify.com,Non-binary,Nebraska
725,Che,Beeken,cbeekenk4@rakuten.co.jp,Male,Virginia
726,Adolphe,Rapport,arapportk5@marketwatch.com,Male,Massachusetts
727,Rivi,Ziebart,rziebartk6@unesco.org,Female,California
728,Quent,Dannehl,qdannehlk7@cnet.com,Male,New Mexico
729,Martha,Samuel,msamuelk8@tripod.com,Female,Texas
730,Kerrin,Champness,kchampnessk9@people.com.cn,Female,Illinois
731,Fae,Niessen,fniessenka@theatlantic.com,Female,Indiana
732,Wallache,Spriggen,wspriggenkb@businessinsider.com,Agender,Missouri
733,Clim,Wetheril,cwetherilkc@dyndns.org,Male,Texas
734,Huey,Heyburn,hheyburnkd@yelp.com,Male,Arizona
735,Stanleigh,Eke,sekeke@multiply.com,Male,Illinois
736,Yalonda,Dennington,ydenningtonkf@google.co.jp,Female,District of Columbia
737,Cyril,Sheara,cshearakg@nps.gov,Male,California
738,Barn,Wetwood,bwetwoodkh@webeden.co.uk,Male,Florida
739,Shirlee,Morpeth,smorpethki@xing.com,Female,Tennessee
740,Myrilla,Cadalleder,mcadallederkj@wordpress.org,Female,New York
741,Kasey,Washington,kwashingtonkk@hud.gov,Female,Florida
742,Rustin,Goodinge,rgoodingekl@yahoo.com,Male,Connecticut
743,Eolande,Carwithen,ecarwithenkm@prlog.org,Agender,California
744,Thekla,Bartolomeotti,tbartolomeottikn@who.int,Female,Alabama
745,Nara,Feaveer,nfeaveerko@disqus.com,Non-binary,Virginia
746,Waneta,Obeney,wobeneykp@icq.com,Female,North Carolina
747,Loralee,Hellwich,lhellwichkq@latimes.com,Female,Louisiana
748,Camila,Franzoli,cfranzolikr@vistaprint.com,Female,Florida
749,Aubert,Clowney,aclowneyks@microsoft.com,Male,California
750,Amy,Woolhouse,awoolhousekt@webnode.com,Female,Wisconsin
751,Juliette,Brownsea,jbrownseaku@amazon.co.uk,Female,Missouri
752,Brittaney,McFayden,bmcfaydenkv@1und1.de,Female,Texas
753,Gael,Scholefield,gscholefieldkw@a8.net,Female,Massachusetts
754,Irvine,Davenhall,idavenhallkx@techcrunch.com,Male,Texas
755,Viki,Lawson,vlawsonky@prnewswire.com,Female,California
756,Piper,Rosettini,prosettinikz@hud.gov,Female,New Jersey
757,Tony,Huccaby,thuccabyl0@reference.com,Male,Michigan
758,Debra,Letessier,dletessierl1@forbes.com,Female,Illinois
759,Brewer,Pipkin,bpipkinl2@vinaora.com,Male,North Carolina
760,Cosette,Mueller,cmuellerl3@boston.com,Bigender,Indiana
761,Bordie,Micklewicz,bmicklewiczl4@ehow.com,Male,Illinois
762,Dodie,Gallant,dgallantl5@dedecms.com,Female,Pennsylvania
763,Ax,Gurnell,agurnelll6@patch.com,Male,Texas
764,Anetta,Findon,afindonl7@about.com,Female,Pennsylvania
765,Cheslie,Itzakson,citzaksonl8@sphinn.com,Female,Indiana
766,Adele,Ruegg,arueggl9@ucsd.edu,Female,Texas
767,Gilberto,Arnot,garnotla@com.com,Male,New Mexico
768,Yoshiko,Iddenden,yiddendenlb@joomla.org,Female,Colorado
769,Genevieve,Fordy,gfordylc@reverbnation.com,Female,Massachusetts
770,Carlye,Ayers,cayersld@prlog.org,Female,Texas
771,Carey,Littleover,clittleoverle@twitpic.com,Male,District of Columbia
772,Alysa,Hankinson,ahankinsonlf@github.com,Female,Washington
773,Kiley,Rivaland,krivalandlg@nasa.gov,Male,Tennessee
774,Kayla,Downgate,kdowngatelh@ehow.com,Female,Ohio
775,Connie,Mahon,cmahonli@time.com,Genderfluid,North Carolina
776,Marleen,Culp,mculplj@aol.com,Polygender,California
777,Meris,Alekseicik,malekseiciklk@paypal.com,Female,California
778,Dre,Brotherhead,dbrotherheadll@paypal.com,Female,Oklahoma
779,Tarrah,Burkhill,tburkhilllm@squarespace.com,Female,Mississippi
780,Theodoric,Curedell,tcuredellln@opensource.org,Male,Nebraska
781,Allys,Herrero,aherrerolo@networkadvertising.org,Female,Louisiana
782,Jemima,Innott,jinnottlp@bravesites.com,Female,Arkansas
783,Alie,Brandi,abrandilq@technorati.com,Female,Tennessee
784,Radcliffe,Ivanaev,rivanaevlr@webnode.com,Male,Georgia
785,Betsey,Clemencet,bclemencetls@51.la,Female,District of Columbia
786,Inigo,Lipscomb,ilipscomblt@multiply.com,Male,West Virginia
787,Justin,Watsam,jwatsamlu@webmd.com,Male,Utah
788,Porter,Edgecumbe,pedgecumbelv@vkontakte.ru,Male,South Carolina
789,Belva,Jessop,bjessoplw@list-manage.com,Female,Texas
790,Emmalynn,Darrigrand,edarrigrandlx@nps.gov,Polygender,Maryland
791,Hebert,McBeith,hmcbeithly@wix.com,Non-binary,Georgia
792,Jocko,Francescotti,jfrancescottilz@yahoo.com,Male,California
793,Lyndell,Deery,ldeerym0@google.cn,Female,Florida
794,Gallagher,Manterfield,gmanterfieldm1@house.gov,Male,Florida
795,Trista,Bazely,tbazelym2@icio.us,Female,New York
796,Spike,Crathorne,scrathornem3@sun.com,Male,Ohio
797,Lavinia,Disbury,ldisburym4@biblegateway.com,Female,California
798,Coleman,Brazur,cbrazurm5@nydailynews.com,Male,California
799,Esteban,Fitzgerald,efitzgeraldm6@walmart.com,Male,Louisiana
800,Gayelord,O'Ferris,goferrism7@de.vu,Male,Florida
801,Aridatha,Bembrick,abembrickm8@wordpress.com,Female,California
802,Forest,Janousek,fjanousekm9@ycombinator.com,Male,Arizona
803,Demetre,Milleton,dmilletonma@ox.ac.uk,Male,Texas
804,Ward,Sedgeworth,wsedgeworthmb@ed.gov,Genderqueer,West Virginia
805,Ali,Priver,aprivermc@dion.ne.jp,Male,Kentucky
806,Vlad,Teasey,vteaseymd@senate.gov,Genderfluid,Indiana
807,Paxon,Jarville,pjarvilleme@smugmug.com,Non-binary,Florida
808,Almeria,Peers,apeersmf@fema.gov,Female,Massachusetts
809,Maighdiln,Chancelier,mchanceliermg@geocities.com,Female,Michigan
810,Mannie,Didsbury,mdidsburymh@cpanel.net,Male,Mississippi
811,Margarette,Bosley,mbosleymi@blog.com,Female,Texas
812,Hortensia,Wrennall,hwrennallmj@businessweek.com,Female,Tennessee
813,Milton,Demonge,mdemongemk@joomla.org,Male,Texas
814,Corina,Kitson,ckitsonml@hao123.com,Female,Alabama
815,Trey,Seymour,tseymourmm@g.co,Male,Ohio
816,Gayle,Hullah,ghullahmn@upenn.edu,Female,Minnesota
817,Bondie,Braunton,bbrauntonmo@wordpress.com,Male,Connecticut
818,Debbi,Gerber,dgerbermp@foxnews.com,Female,Illinois
819,Walsh,Rookeby,wrookebymq@ted.com,Male,California
820,Torie,Eytel,teytelmr@vkontakte.ru,Female,Ohio
821,Nananne,Downes,ndownesms@msu.edu,Female,Michigan
822,Alexis,Rouby,aroubymt@ovh.net,Male,Ohio
823,Philip,Benbow,pbenbowmu@mail.ru,Male,Texas
824,Laurice,Yurygyn,lyurygynmv@epa.gov,Agender,Massachusetts
825,Germain,Bercevelo,gbercevelomw@hatena.ne.jp,Bigender,Iowa
826,Arlina,Dulieu,adulieumx@zimbio.com,Female,Florida
827,Gilda,Spittle,gspittlemy@purevolume.com,Female,Texas
828,Van,Barosch,vbaroschmz@theguardian.com,Male,Texas
829,Jule,Greeve,jgreeven0@biglobe.ne.jp,Male,Arkansas
830,Vyky,Howcroft,vhowcroftn1@merriam-webster.com,Female,California
831,Zelma,Blindermann,zblindermannn2@soup.io,Female,Virginia
832,Germain,Orr,gorrn3@java.com,Female,Idaho
833,Dorothy,Balassi,dbalassin4@csmonitor.com,Female,Texas
834,Donaugh,Follit,dfollitn5@auda.org.au,Male,West Virginia
835,Alvy,Stuckes,astuckesn6@infoseek.co.jp,Male,California
836,Frederick,Fussen,ffussenn7@sbwire.com,Male,California
837,Kelsey,Faircloth,kfairclothn8@hud.gov,Female,Florida
838,Yetty,Pease,ypeasen9@quantcast.com,Bigender,Texas
839,Trescha,Forker,tforkerna@mashable.com,Female,Wisconsin
840,Danice,Mallabar,dmallabarnb@home.pl,Female,Illinois
841,Hodge,Dye,hdyenc@ameblo.jp,Male,Indiana
842,Ryan,Stapells,rstapellsnd@baidu.com,Male,District of Columbia
843,Hillard,Chang,hchangne@pen.io,Bigender,Massachusetts
844,Allix,Combes,acombesnf@webmd.com,Female,Alabama
845,Harper,Rebeiro,hrebeirong@sourceforge.net,Male,New York
846,Evania,Potier,epotiernh@creativecommons.org,Female,Indiana
847,Rock,Nelsey,rnelseyni@wp.com,Male,Virginia
848,Nadine,Bartaloni,nbartaloninj@fotki.com,Female,Connecticut
849,Elton,Chaulk,echaulknk@bluehost.com,Male,California
850,Jillene,Gurnay,jgurnaynl@mapquest.com,Female,Oklahoma
851,Viv,Maudlin,vmaudlinnm@dropbox.com,Female,New York
852,Norah,Muncaster,nmuncasternn@tripadvisor.com,Genderfluid,Louisiana
853,Eden,Mungin,emunginno@typepad.com,Female,California
854,Lyndsie,Riseley,lriseleynp@businessinsider.com,Genderfluid,Michigan
855,Rayshell,Ferneyhough,rferneyhoughnq@sbwire.com,Genderqueer,Florida
856,Emlynn,Olkowicz,eolkowicznr@ftc.gov,Female,Pennsylvania
857,Wat,Filkov,wfilkovns@liveinternet.ru,Male,Delaware
858,Kristina,Burman,kburmannt@feedburner.com,Female,Georgia
859,Gilberte,Vogt,gvogtnu@dion.ne.jp,Female,Arizona
860,Filberto,Wastie,fwastienv@washingtonpost.com,Male,Mississippi
861,Willy,Raubenheim,wraubenheimnw@marketwatch.com,Male,Michigan
862,Gerick,Evequot,gevequotnx@google.co.uk,Male,Colorado
863,Dianemarie,Boylund,dboylundny@com.com,Genderfluid,Alabama
864,Alina,Grishenkov,agrishenkovnz@domainmarket.com,Female,Florida
865,Clifford,Le Bosse,clebosseo0@toplist.cz,Genderfluid,Florida
866,Forrest,Bellas,fbellaso1@buzzfeed.com,Male,Florida
867,Samuel,Rydeard,srydeardo2@skype.com,Male,Pennsylvania
868,Mill,Haselgrove,mhaselgroveo3@cdbaby.com,Male,Oklahoma
869,Cornelle,Surmeir,csurmeiro4@reverbnation.com,Female,West Virginia
870,Hedy,Hearnden,hhearndeno5@hp.com,Female,Colorado
871,Aguistin,LeEstut,aleestuto6@ucla.edu,Male,Illinois
872,Kirby,Routhorn,krouthorno7@wunderground.com,Female,Illinois
873,Dalli,Bineham,dbinehamo8@noaa.gov,Male,Texas
874,Coraline,Soff,csoffo9@wisc.edu,Female,District of Columbia
875,Michaella,Dillistone,mdillistoneoa@moonfruit.com,Female,Ohio
876,Leese,Skentelbery,lskentelberyob@webnode.com,Genderqueer,Florida
877,Riki,Spollen,rspollenoc@newyorker.com,Female,Virginia
878,Doretta,Dincey,ddinceyod@com.com,Female,Florida
879,Tyrone,Moncreif,tmoncreifoe@1und1.de,Male,Kentucky
880,Zeb,Van den Bosch,zvandenboschof@elegantthemes.com,Male,Kansas
881,Mame,Novotna,mnovotnaog@dmoz.org,Female,New York
882,Gwenni,Crossley,gcrossleyoh@eepurl.com,Female,Ohio
883,Rollie,Dummett,rdummettoi@cnet.com,Male,Pennsylvania
884,My,Klossmann,mklossmannoj@wikispaces.com,Male,Indiana
885,Barbra,Brookwell,bbrookwellok@typepad.com,Female,Connecticut
886,Roxana,Rhule,rrhuleol@columbia.edu,Female,Virginia
887,Tori,Ashwood,tashwoodom@twitpic.com,Female,Alabama
888,Seka,Mazey,smazeyon@vkontakte.ru,Female,Nevada
889,Kimberly,Gantley,kgantleyoo@buzzfeed.com,Female,Florida
890,Ernestus,Drivers,edriversop@360.cn,Male,Connecticut
891,Cyrillus,Chipperfield,cchipperfieldoq@jimdo.com,Male,Oregon
892,Tye,Norvill,tnorvillor@gizmodo.com,Male,California
893,Consuela,Hourahan,chourahanos@microsoft.com,Female,Texas
894,Chiquia,Gauvin,cgauvinot@ning.com,Female,South Carolina
895,Katharine,Rannie,krannieou@nationalgeographic.com,Female,District of Columbia
896,Stephine,Hubbocks,shubbocksov@1und1.de,Non-binary,New York
897,Sherline,Eich,seichow@wunderground.com,Female,West Virginia
898,Bartolomeo,Talby,btalbyox@umn.edu,Male,Louisiana
899,Catina,Vanichev,cvanichevoy@bloglines.com,Female,New Mexico
900,Bathsheba,Flook,bflookoz@deviantart.com,Female,Maryland
901,Koralle,Andraud,kandraudp0@admin.ch,Female,California
902,Pinchas,Piesing,ppiesingp1@comcast.net,Male,Virginia
903,Vernon,Mabbott,vmabbottp2@examiner.com,Male,Texas
904,Rosalynd,Perkis,rperkisp3@sina.com.cn,Female,Virginia
905,Keri,Edelheit,kedelheitp4@shop-pro.jp,Female,Illinois
906,Kenna,Kimmince,kkimmincep5@nba.com,Female,New York
907,Franzen,Handrok,fhandrokp6@scribd.com,Male,Missouri
908,Adlai,Clemonts,aclemontsp7@google.co.uk,Male,Missouri
909,Kyla,Ennion,kennionp8@admin.ch,Female,Indiana
910,Doy,Walkingshaw,dwalkingshawp9@last.fm,Male,Nebraska
911,Neal,Normant,nnormantpa@wp.com,Male,Oregon
912,Eduardo,Breeton,ebreetonpb@gnu.org,Male,Kansas
913,Amble,Chartre,achartrepc@answers.com,Male,Wisconsin
914,Selena,Benstead,sbensteadpd@imgur.com,Female,New Jersey
915,Holly,O'Carrol,hocarrolpe@cbc.ca,Male,Louisiana
916,Nadya,Broe,nbroepf@narod.ru,Female,Colorado
917,Goraud,Malthus,gmalthuspg@webeden.co.uk,Male,Texas
918,Stephannie,Elsworth,selsworthph@cyberchimps.com,Female,California
919,Wally,Maggill'Andreis,wmaggillandreispi@flavors.me,Female,California
920,Justino,Macy,jmacypj@icq.com,Male,Massachusetts
921,Deck,Mallia,dmalliapk@people.com.cn,Male,Missouri
922,Hobie,Kopman,hkopmanpl@comsenz.com,Male,New York
923,Franciska,Bendel,fbendelpm@thetimes.co.uk,Female,New York
924,Vick,Khristyukhin,vkhristyukhinpn@nydailynews.com,Male,South Dakota
925,Deane,Blease,dbleasepo@gov.uk,Female,California
926,Bianka,Bapty,bbaptypp@joomla.org,Female,New York
927,Atlante,Taffarello,ataffarellopq@mapy.cz,Female,Virginia
928,Adaline,Luno,alunopr@businessweek.com,Female,Virginia
929,Jamima,Charity,jcharityps@mediafire.com,Genderfluid,Washington
930,Nap,Fabbro,nfabbropt@nasa.gov,Male,California
931,Charin,Vaudin,cvaudinpu@freewebs.com,Female,Ohio
932,Miran,McCahey,mmccaheypv@europa.eu,Female,New York
933,Tobit,Dukesbury,tdukesburypw@theatlantic.com,Male,Wisconsin
934,Tyne,Chaloner,tchalonerpx@fema.gov,Female,California
935,Ronny,Tumasian,rtumasianpy@wikipedia.org,Female,Minnesota
936,Delilah,Skirving,dskirvingpz@symantec.com,Female,Alabama
937,Marga,Itzhaiek,mitzhaiekq0@sitemeter.com,Female,Connecticut
938,Millisent,Paddemore,mpaddemoreq1@over-blog.com,Female,New York
939,Janeen,Lodevick,jlodevickq2@netscape.com,Female,Florida
940,Antonetta,Milam,amilamq3@yandex.ru,Female,California
941,Gavin,Caesman,gcaesmanq4@moonfruit.com,Male,Colorado
942,Walden,Hendrix,whendrixq5@sphinn.com,Male,Hawaii
943,Roy,Nuton,rnutonq6@cnn.com,Male,California
944,Gerik,Mushawe,gmushaweq7@spiegel.de,Male,Missouri
945,Jessey,Bagster,jbagsterq8@xrea.com,Male,Oklahoma
946,Peggy,Gissing,pgissingq9@trellian.com,Female,Nevada
947,Cindi,Evemy,cevemyqa@clickbank.net,Genderqueer,Florida
948,Israel,McGaugey,imcgaugeyqb@statcounter.com,Genderfluid,Texas
949,Laureen,Doumer,ldoumerqc@qq.com,Female,Connecticut
950,Xylina,Mulcock,xmulcockqd@yelp.com,Female,Alabama
951,Ody,Sturley,osturleyqe@mashable.com,Male,Texas
952,Darcey,Bramstom,dbramstomqf@nasa.gov,Bigender,Tennessee
953,Jere,Derington,jderingtonqg@amazon.co.uk,Male,Texas
954,Denis,MacGaughie,dmacgaughieqh@toplist.cz,Male,Texas
955,Agosto,Huzzey,ahuzzeyqi@cbc.ca,Male,Washington
956,Dex,Union,dunionqj@tripadvisor.com,Bigender,Massachusetts
957,Kurt,Little,klittleqk@wunderground.com,Non-binary,Florida
958,Harwilll,Kaman,hkamanql@constantcontact.com,Male,Kentucky
959,Evelin,Halleday,ehalledayqm@gizmodo.com,Male,Illinois
960,Cissiee,MacArthur,cmacarthurqn@cpanel.net,Female,Oregon
961,Erasmus,Lumsdale,elumsdaleqo@wikimedia.org,Male,Nevada
962,Elissa,Medlar,emedlarqp@de.vu,Female,Virginia
963,Jayme,Sparwell,jsparwellqq@fotki.com,Male,West Virginia
964,Cliff,Culpen,cculpenqr@cargocollective.com,Male,Florida
965,Humfrey,Fletcher,hfletcherqs@unesco.org,Male,Connecticut
966,Herrick,Longstreet,hlongstreetqt@google.it,Male,Connecticut
967,Janenna,Ridgley,jridgleyqu@thetimes.co.uk,Female,New Jersey
968,Rosabelle,Blemings,rblemingsqv@samsung.com,Female,Oregon
969,Lynnell,Harmon,lharmonqw@1und1.de,Female,Florida
970,Yetta,Lorincz,ylorinczqx@soup.io,Female,Kansas
971,Ruddie,Sainte Paul,rsaintepaulqy@a8.net,Male,Michigan
972,Lazare,McKeller,lmckellerqz@stumbleupon.com,Male,Montana
973,Krispin,Noller,knollerr0@cafepress.com,Male,Tennessee
974,Merry,Berthelet,mbertheletr1@networkadvertising.org,Male,Pennsylvania
975,Markos,Scahill,mscahillr2@dropbox.com,Male,Kentucky
976,Zora,Caldero,zcalderor3@unicef.org,Female,Connecticut
977,Englebert,McCallum,emccallumr4@qq.com,Male,Florida
978,La verne,Lithcow,llithcowr5@guardian.co.uk,Female,Texas
979,Sallee,Branton,sbrantonr6@mozilla.org,Female,Texas
980,Selle,Horbart,shorbartr7@illinois.edu,Genderqueer,Oklahoma
981,North,Geke,ngeker8@yale.edu,Male,Indiana
982,Gail,Moores,gmooresr9@biblegateway.com,Male,West Virginia
983,Chiquita,Soane,csoanera@addtoany.com,Female,Minnesota
984,Josee,Pennington,jpenningtonrb@ftc.gov,Bigender,Louisiana
985,Jerrome,Golley,jgolleyrc@columbia.edu,Male,California
986,Bailey,Easterby,beasterbyrd@timesonline.co.uk,Male,Texas
987,Clair,Loakes,cloakesre@histats.com,Female,Michigan
988,Betsey,Domesday,bdomesdayrf@amazon.de,Female,Massachusetts
989,Konrad,Brookes,kbrookesrg@samsung.com,Male,Massachusetts
990,Misha,Parkhouse,mparkhouserh@github.com,Female,Connecticut
991,Freddie,Soles,fsolesri@bravesites.com,Female,Pennsylvania
992,Milzie,Buttery,mbutteryrj@360.cn,Female,Florida
993,Antonietta,Gellan,agellanrk@live.com,Female,Mississippi
994,Kimberli,Rapin,krapinrl@exblog.jp,Female,District of Columbia
995,Fedora,Gammon,fgammonrm@bloomberg.com,Female,Texas
996,Arabelle,Winters,awintersrn@upenn.edu,Female,Arkansas
997,Jannelle,Farrance,jfarrancero@liveinternet.ru,Genderqueer,Texas
998,Bev,Gettings,bgettingsrp@sohu.com,Male,North Carolina
999,Kaycee,Harrold,kharroldrq@un.org,Female,Ohio
